{"cameraMode":{"drawMode":0,"name":"Shaded","section":"Shading Mode"},"sceneLighting":true,"audioPlay":false,"sceneViewState":{"m_AlwaysRefresh":true,"showFog":true,"showSkybox":true,"showFlares":true,"showImageEffects":true,"showParticleSystems":true,"showVisualEffectGraphs":true,"m_FxEnabled":true},"in2DMode":false,"pivot":{"x":22.929285049438478,"y":10.475475311279297,"z":1.528550148010254},"rotation":{"x":-0.1368357092142105,"y":0.5281031131744385,"z":-0.08711530268192291,"w":-0.8337964415550232},"size":17.936296463012697,"orthographic":false}