{"cameraMode":{"drawMode":0,"name":"Shaded","section":"Shading Mode"},"sceneLighting":true,"audioPlay":false,"sceneViewState":{"m_AlwaysRefresh":false,"showFog":true,"showSkybox":true,"showFlares":true,"showImageEffects":true,"showParticleSystems":true,"showVisualEffectGraphs":true,"m_FxEnabled":true},"in2DMode":false,"pivot":{"x":5.389139175415039,"y":-16.59481430053711,"z":74.36431121826172},"rotation":{"x":-0.1799185425043106,"y":-0.024823306128382684,"z":0.004482290241867304,"w":-0.9834020137786865},"size":27.358722686767579,"orthographic":false}