{"cameraMode":{"drawMode":0,"name":"Shaded","section":"Shading Mode"},"sceneLighting":true,"audioPlay":false,"sceneViewState":{"m_AlwaysRefresh":true,"showFog":true,"showSkybox":true,"showFlares":true,"showImageEffects":true,"showParticleSystems":true,"showVisualEffectGraphs":true,"m_FxEnabled":true},"in2DMode":false,"pivot":{"x":5.9909563064575199,"y":13.30022144317627,"z":-7.2973809242248539},"rotation":{"x":-0.17002828419208527,"y":0.7467514276504517,"z":-0.20807752013206483,"w":-0.6089170575141907},"size":35.198455810546878,"orthographic":false}