{"cameraMode":{"drawMode":0,"name":"Shaded","section":"Shading Mode"},"sceneLighting":true,"audioPlay":false,"sceneViewState":{"m_AlwaysRefresh":false,"showFog":true,"showSkybox":true,"showFlares":true,"showImageEffects":true,"showParticleSystems":true,"showVisualEffectGraphs":true,"m_FxEnabled":true},"in2DMode":false,"pivot":{"x":14.555996894836426,"y":3.2830300331115724,"z":0.549932599067688},"rotation":{"x":-0.21756860613822938,"y":0.6176607012748718,"z":-0.18331919610500337,"w":-0.7332722544670105},"size":16.671798706054689,"orthographic":false}