{"cameraMode":{"drawMode":0,"name":"Shaded","section":"Shading Mode"},"sceneLighting":true,"audioPlay":false,"sceneViewState":{"m_AlwaysRefresh":false,"showFog":true,"showSkybox":true,"showFlares":true,"showImageEffects":true,"showParticleSystems":true,"showVisualEffectGraphs":true,"m_FxEnabled":true},"in2DMode":false,"pivot":{"x":14.248760223388672,"y":9.659135818481446,"z":4.451248645782471},"rotation":{"x":-0.020409900695085527,"y":0.9693278074264526,"z":-0.08631265163421631,"w":-0.22921141982078553},"size":10.033239364624024,"orthographic":false}